country_code;latitude;longitude;country_territory;associated_country;region
AF;33.93911;67.709953;Afghanistan;N.A.;N.A.
AL;41.153332;20.168331;Albania;N.A.;N.A.
DZ;28.033886;1.659626;Algeria;N.A.;N.A.
AS;-14.270972;-170.132217;American Samoa;N.A.;N.A.
AD;42.546245;1.601554;Andorra;N.A.;N.A.
AO;-11.202692;17.873887;Angola;N.A.;N.A.
AI;18.220554;-63.068615;Anguilla;N.A.;N.A.
AQ;-75.250973;-0.071389;Antarctica;N.A.;N.A.
AG;17.060816;-61.796428;Antigua and Barbuda;N.A.;N.A.
AR;-38.416097;-63.616672;Argentina;N.A.;N.A.
AM;40.069099;45.038189;Armenia;N.A.;N.A.
AW;12.52111;-69.968338;Aruba;N.A.;N.A.
AU;-25.274398;133.775136;Australia;N.A.;N.A.
AT;47.516231;14.550072;Austria;N.A.;N.A.
AZ;40.143105;47.576927;Azerbaijan;N.A.;N.A.
BS;25.03428;-77.39628;Bahamas;N.A.;N.A.
BH;25.930414;50.637772;Bahrain;N.A.;N.A.
BD;23.684994;90.356331;Bangladesh;N.A.;N.A.
BB;13.193887;-59.543198;Barbados;N.A.;N.A.
BY;53.709807;27.953389;Belarus;N.A.;N.A.
BE;50.503887;4.469936;Belgium;N.A.;N.A.
BZ;17.189877;-88.49765;Belize;N.A.;N.A.
BJ;9.30769;2.315834;Benin;N.A.;N.A.
BM;32.321384;-64.75737;Bermuda;N.A.;N.A.
BT;27.514162;90.433601;Bhutan;N.A.;N.A.
BO;-16.290154;-63.588653;Bolivia;N.A.;N.A.
BA;43.915886;17.679076;Bosnia and Herzegovina;N.A.;N.A.
BW;-22.328474;24.684866;Botswana;N.A.;N.A.
BV;-54.423199;3.413194;Bouvet Island;Norway;SOUTH ATLANTIC
BR;-14.235004;-51.92528;Brazil;N.A.;N.A.
IO;-6.343194;71.876519;British Indian Ocean Territory;United Kingdom;INDIAN OCEAN
VG;18.420695;-64.639968;British Virgin Islands;United Kingdom;LATIN AMER. & CARIB
BN;4.535277;114.727669;Brunei;N.A.;N.A.
BG;42.733883;25.48583;Bulgaria;N.A.;N.A.
BF;12.238333;-1.561593;Burkina Faso;N.A.;N.A.
BI;-3.373056;29.918886;Burundi;N.A.;N.A.
KH;12.565679;104.990963;Cambodia;N.A.;N.A.
CM;7.369722;12.354722;Cameroon;N.A.;N.A.
CA;56.130366;-106.346771;Canada;N.A.;N.A.
CV;16.002082;-24.013197;Cape Verde;N.A.;N.A.
KY;19.513469;-80.566956;Cayman Islands;N.A.;N.A.
CF;6.611111;20.939444;Central African Republic;N.A.;N.A.
TD;15.454166;18.732207;Chad;N.A.;N.A.
CL;-35.675147;-71.542969;Chile;N.A.;N.A.
CN;35.86166;104.195397;China;N.A.;N.A.
CX;-10.447525;105.690449;Christmas Island;Australia;ASIA (EX. NEAR EAST)
CC;-12.164165;96.870956;Cocos [Keeling] Islands;Australia;ASIA (EX. NEAR EAST)
CO;4.570868;-74.297333;Colombia;N.A.;N.A.
KM;-11.875001;43.872219;Comoros;N.A.;N.A.
CD;-4.038333;21.758664;Congo [DRC];N.A.;N.A.
CG;-0.228021;15.827659;Congo [Republic];N.A.;N.A.
CK;-21.236736;-159.777671;Cook Islands;N.A.;N.A.
CR;9.748917;-83.753428;Costa Rica;N.A.;N.A.
CI;7.539989;-5.54708;Cote d'Ivoire;N.A.;N.A.
HR;45.1;15.2;Croatia;N.A.;N.A.
CU;21.521757;-77.781167;Cuba;N.A.;N.A.
CY;35.126413;33.429859;Cyprus;N.A.;N.A.
CZ;49.817492;15.472962;Czech Republic;N.A.;N.A.
DK;56.26392;9.501785;Denmark;N.A.;N.A.
DJ;11.825138;42.590275;Djibouti;N.A.;N.A.
DM;15.414999;-61.370976;Dominica;N.A.;N.A.
DO;18.735693;-70.162651;Dominican Republic;N.A.;N.A.
TL;-8.874217;125.727539;East Timor;N.A.;N.A.
EC;-1.831239;-78.183406;Ecuador;N.A.;N.A.
EG;26.820553;30.802498;Egypt;N.A.;N.A.
SV;13.794185;-88.89653;El Salvador;N.A.;N.A.
GQ;1.650801;10.267895;Equatorial Guinea;N.A.;N.A.
ER;15.179384;39.782334;Eritrea;N.A.;N.A.
EE;58.595272;25.013607;Estonia;N.A.;N.A.
ET;9.145;40.489673;Ethiopia;N.A.;N.A.
FK;-51.796253;-59.523613;Falkland Islands [Islas Malvinas];United Kingdom;LATIN AMER. & CARIB
FO;61.892635;-6.911806;Faroe Islands;N.A.;N.A.
FJ;-16.578193;179.414413;Fiji;N.A.;N.A.
FI;61.92411;25.748151;Finland;N.A.;N.A.
FR;46.227638;2.213749;France;N.A.;N.A.
GF;3.933889;-53.125782;French Guiana;N.A.;N.A.
PF;-17.679742;-149.406843;French Polynesia;N.A.;N.A.
TF;-49.280366;69.348557;French Southern Territories;France;INDIAN OCEAN
GA;-0.803689;11.609444;Gabon;N.A.;N.A.
GM;13.443182;-15.310139;Gambia;N.A.;N.A.
GZ;31.354676;34.308825;Gaza Strip;N.A.;N.A.
GE;42.315407;43.356892;Georgia;N.A.;N.A.
DE;51.165691;10.451526;Germany;N.A.;N.A.
GH;7.946527;-1.023194;Ghana;N.A.;N.A.
GI;36.137741;-5.345374;Gibraltar;N.A.;N.A.
GR;39.074208;21.824312;Greece;N.A.;N.A.
GL;71.706936;-42.604303;Greenland;N.A.;N.A.
GD;12.262776;-61.604171;Grenada;N.A.;N.A.
GP;16.995971;-62.067641;Guadeloupe;N.A.;N.A.
GU;13.444304;144.793731;Guam;N.A.;N.A.
GT;15.783471;-90.230759;Guatemala;N.A.;N.A.
GG;49.465691;-2.585278;Guernsey;N.A.;N.A.
GN;9.945587;-9.696645;Guinea;N.A.;N.A.
GW;11.803749;-15.180413;Guinea-Bissau;N.A.;N.A.
GY;4.860416;-58.93018;Guyana;N.A.;N.A.
HT;18.971187;-72.285215;Haiti;N.A.;N.A.
HM;-53.08181;73.504158;Heard Island and McDonald Islands;Australia;INDIAN OCEAN
HN;15.199999;-86.241905;Honduras;N.A.;N.A.
HK;22.396428;114.109497;Hong Kong;N.A.;N.A.
HU;47.162494;19.503304;Hungary;N.A.;N.A.
IS;64.963051;-19.020835;Iceland;N.A.;N.A.
IN;20.593684;78.96288;India;N.A.;N.A.
ID;-0.789275;113.921327;Indonesia;N.A.;N.A.
IR;32.427908;53.688046;Iran;N.A.;N.A.
IQ;33.223191;43.679291;Iraq;N.A.;N.A.
IE;53.41291;-8.24389;Ireland;N.A.;N.A.
IM;54.236107;-4.548056;Isle of Man;N.A.;N.A.
IL;31.046051;34.851612;Israel;N.A.;N.A.
IT;41.87194;12.56738;Italy;N.A.;N.A.
JM;18.109581;-77.297508;Jamaica;N.A.;N.A.
JP;36.204824;138.252924;Japan;N.A.;N.A.
JE;49.214439;-2.13125;Jersey;N.A.;N.A.
JO;30.585164;36.238414;Jordan;N.A.;N.A.
KZ;48.019573;66.923684;Kazakhstan;N.A.;N.A.
KE;-0.023559;37.906193;Kenya;N.A.;N.A.
KI;-3.370417;-168.734039;Kiribati;N.A.;N.A.
XK;42.602636;20.902977;Kosovo;N.A.;N.A.
KW;29.31166;47.481766;Kuwait;N.A.;N.A.
KG;41.20438;74.766098;Kyrgyzstan;N.A.;N.A.
LA;19.85627;102.495496;Laos;N.A.;N.A.
LV;56.879635;24.603189;Latvia;N.A.;N.A.
LB;33.854721;35.862285;Lebanon;N.A.;N.A.
LS;-29.609988;28.233608;Lesotho;N.A.;N.A.
LR;6.428055;-9.429499;Liberia;N.A.;N.A.
LY;26.3351;17.228331;Libya;N.A.;N.A.
LI;47.166;9.555373;Liechtenstein;N.A.;N.A.
LT;55.169438;23.881275;Lithuania;N.A.;N.A.
LU;49.815273;6.129583;Luxembourg;N.A.;N.A.
MO;22.198745;113.543873;Macau;N.A.;N.A.
MK;41.608635;21.745275;Macedonia [FYROM];N.A.;N.A.
MG;-18.766947;46.869107;Madagascar;N.A.;N.A.
MW;-13.254308;34.301525;Malawi;N.A.;N.A.
MY;4.210484;101.975766;Malaysia;N.A.;N.A.
MV;3.202778;73.22068;Maldives;N.A.;N.A.
ML;17.570692;-3.996166;Mali;N.A.;N.A.
MT;35.937496;14.375416;Malta;N.A.;N.A.
MH;7.131474;171.184478;Marshall Islands;N.A.;N.A.
MQ;14.641528;-61.024174;Martinique;N.A.;N.A.
MR;21.00789;-10.940835;Mauritania;N.A.;N.A.
MU;-20.348404;57.552152;Mauritius;N.A.;N.A.
YT;-12.8275;45.166244;Mayotte;N.A.;N.A.
MX;23.634501;-102.552784;Mexico;N.A.;N.A.
FM;7.425554;150.550812;Micronesia;N.A.;N.A.
MD;47.411631;28.369885;Moldova;N.A.;N.A.
MC;43.750298;7.412841;Monaco;N.A.;N.A.
MN;46.862496;103.846656;Mongolia;N.A.;N.A.
ME;42.708678;19.37439;Montenegro;N.A.;N.A.
MS;16.742498;-62.187366;Montserrat;N.A.;N.A.
MA;31.791702;-7.09262;Morocco;N.A.;N.A.
MZ;-18.665695;35.529562;Mozambique;N.A.;N.A.
MM;21.913965;95.956223;Myanmar [Burma];N.A.;N.A.
NA;-22.95764;18.49041;Namibia;N.A.;N.A.
NR;-0.522778;166.931503;Nauru;N.A.;N.A.
NP;28.394857;84.124008;Nepal;N.A.;N.A.
NL;52.132633;5.291266;Netherlands;N.A.;N.A.
AN;12.226079;-69.060087;Netherlands Antilles;N.A.;N.A.
NC;-20.904305;165.618042;New Caledonia;N.A.;N.A.
NZ;-40.900557;174.885971;New Zealand;N.A.;N.A.
NI;12.865416;-85.207229;Nicaragua;N.A.;N.A.
NE;17.607789;8.081666;Niger;N.A.;N.A.
NG;9.081999;8.675277;Nigeria;N.A.;N.A.
NU;-19.054445;-169.867233;Niue;New Zealand;OCEANIA
NF;-29.040835;167.954712;Norfolk Island;Australia;OCEANIA
KP;40.339852;127.510093;North Korea;N.A.;N.A.
MP;17.33083;145.38469;Northern Mariana Islands;N.A.;N.A.
NO;60.472024;8.468946;Norway;N.A.;N.A.
OM;21.512583;55.923255;Oman;N.A.;N.A.
PK;30.375321;69.345116;Pakistan;N.A.;N.A.
PW;7.51498;134.58252;Palau;N.A.;N.A.
PS;31.952162;35.233154;Palestinian Territories;N.A.;N.A.
PA;8.537981;-80.782127;Panama;N.A.;N.A.
PG;-6.314993;143.95555;Papua New Guinea;N.A.;N.A.
PY;-23.442503;-58.443832;Paraguay;N.A.;N.A.
PE;-9.189967;-75.015152;Peru;N.A.;N.A.
PH;12.879721;121.774017;Philippines;N.A.;N.A.
PN;-24.703615;-127.439308;Pitcairn Islands;United Kingdom;OCEANIA
PL;51.919438;19.145136;Poland;N.A.;N.A.
PT;39.399872;-8.224454;Portugal;N.A.;N.A.
PR;18.220833;-66.590149;Puerto Rico;N.A.;N.A.
QA;25.354826;51.183884;Qatar;N.A.;N.A.
RE;-21.115141;55.536384;Reunion;N.A.;N.A.
RO;45.943161;24.96676;Romania;N.A.;N.A.
RU;61.52401;105.318756;Russia;N.A.;N.A.
RW;-1.940278;29.873888;Rwanda;N.A.;N.A.
SH;-24.143474;-10.030696;Saint Helena;N.A.;N.A.
KN;17.357822;-62.782998;Saint Kitts and Nevis;N.A.;N.A.
LC;13.909444;-60.978893;Saint Lucia;N.A.;N.A.
PM;46.941936;-56.27111;Saint Pierre and Miquelon;N.A.;N.A.
VC;12.984305;-61.287228;Saint Vincent and the Grenadines;N.A.;N.A.
WS;-13.759029;-172.104629;Samoa;N.A.;N.A.
SM;43.94236;12.457777;San Marino;N.A.;N.A.
ST;0.18636;6.613081;Sao Tome e Principe;N.A.;N.A.
SA;23.885942;45.079162;Saudi Arabia;N.A.;N.A.
SN;14.497401;-14.452362;Senegal;N.A.;N.A.
RS;44.016521;21.005859;Serbia;N.A.;N.A.
SC;-4.679574;55.491977;Seychelles;N.A.;N.A.
SL;8.460555;-11.779889;Sierra Leone;N.A.;N.A.
SG;1.352083;103.819836;Singapore;N.A.;N.A.
SK;48.669026;19.699024;Slovakia;N.A.;N.A.
SI;46.151241;14.995463;Slovenia;N.A.;N.A.
SB;-9.64571;160.156194;Solomon Islands;N.A.;N.A.
SO;5.152149;46.199616;Somalia;N.A.;N.A.
ZA;-30.559482;22.937506;South Africa;N.A.;N.A.
GS;-54.429579;-36.587909;South Georgia and the South Sandwich Islands;United Kingdom;SOUTH ATLANTIC
KR;35.907757;127.766922;South Korea;N.A.;N.A.
ES;40.463667;-3.74922;Spain;N.A.;N.A.
LK;7.873054;80.771797;Sri Lanka;N.A.;N.A.
SD;12.862807;30.217636;Sudan;N.A.;N.A.
SR;3.919305;-56.027783;Suriname;N.A.;N.A.
SJ;77.553604;23.670272;Svalbard and Jan Mayen;Norway;WESTERN EUROPE
SZ;-26.522503;31.465866;Swaziland;N.A.;N.A.
SE;60.128161;18.643501;Sweden;N.A.;N.A.
CH;46.818188;8.227512;Switzerland;N.A.;N.A.
SY;34.802075;38.996815;Syria;N.A.;N.A.
TW;23.69781;120.960515;Taiwan;N.A.;N.A.
TJ;38.861034;71.276093;Tajikistan;N.A.;N.A.
TZ;-6.369028;34.888822;Tanzania;N.A.;N.A.
TH;15.870032;100.992541;Thailand;N.A.;N.A.
TG;8.619543;0.824782;Togo;N.A.;N.A.
TK;-8.967363;-171.855881;Tokelau;New Zealand;OCEANIA
TO;-21.178986;-175.198242;Tonga;N.A.;N.A.
TT;10.691803;-61.222503;Trinidad and Tobago;N.A.;N.A.
TN;33.886917;9.537499;Tunisia;N.A.;N.A.
TR;38.963745;35.243322;Turkey;N.A.;N.A.
TM;38.969719;59.556278;Turkmenistan;N.A.;N.A.
TC;21.694025;-71.797928;Turks and Caicos Islands;N.A.;N.A.
TV;-7.109535;177.64933;Tuvalu;N.A.;N.A.
UG;1.373333;32.290275;Uganda;N.A.;N.A.
UA;48.379433;31.16558;Ukraine;N.A.;N.A.
AE;23.424076;53.847818;United Arab Emirates;N.A.;N.A.
GB;55.378051;-3.435973;United Kingdom;N.A.;N.A.
US;37.09024;-95.712891;United States;N.A.;N.A.
UY;-32.522779;-55.765835;Uruguay;N.A.;N.A.
VI;18.335765;-64.896335;US Virgin Islands;United States;LATIN AMER. & CARIB
UZ;41.377491;64.585262;Uzbekistan;N.A.;N.A.
VU;-15.376706;166.959158;Vanuatu;N.A.;N.A.
VA;41.902916;12.453389;Vatican City;N.A.;N.A.
VE;6.42375;-66.58973;Venezuela;N.A.;N.A.
VN;14.058324;108.277199;Vietnam;N.A.;N.A.
WF;-13.768752;-177.156097;Wallis and Futuna;N.A.;N.A.
EH;24.215527;-12.885834;Western Sahara;N.A.;N.A.
YE;15.552727;48.516388;Yemen;N.A.;N.A.
ZM;-13.133897;27.849332;Zambia;N.A.;N.A.
ZW;-19.015438;29.154857;Zimbabwe;N.A.;N.A.
